Agents,ServiceTime,ArrivalInterval,AvgWaitTime
5,5.796572537939032,2.4983279711725266,0.16586995502690283
6,13.543669025364062,4.2127071370458875,0.5928426800824168
6,7.637554951876211,3.8787215474738277,0.0014945484819895364
4,7.117075603341487,5.5622043499914255,0.1439357956266383
3,6.505848281890758,2.2213450191059954,25.867529473218678
3,13.267480578842566,3.402732473941654,6.954360416403185
2,13.307882758955738,4.067291349953382,84.11186927640328
3,13.240470767598486,4.359018282902738,74.21919149065657
3,8.150903940595438,4.478003299480463,0.6369038939309418
5,9.515188297737298,4.415579261575174,0.5304084791278076
3,6.4800884551340845,5.104519542220411,0.6867257751055993
2,8.947733711125682,3.912377413078043,36.3857372730193
4,14.527001116139047,5.439835350418231,1.211608152830883
3,13.674058073601897,3.911292894790668,53.52910374648138
4,6.974661895063861,5.641634673118169,0.0
4,13.967462824336945,4.5459827105667365,1.4458675352791486
4,13.332807539766813,3.975962354205529,0.8798720358289914
4,12.027109049214733,4.632755166286399,1.0560635954619837
3,6.055570539365865,3.920889177126495,0.24193035196321264
2,11.968971714484077,5.367827846620454,22.315778708229153
4,6.353473237640703,5.672178981177115,0.09123392993775008
3,8.249258385049075,2.0722760271078005,54.07375311262734
2,5.3169322348312855,3.5939062038782064,7.38620406523631
6,8.136825715848058,3.4986830427151734,0.02986580533642242
5,14.475577048782645,2.199875448196115,18.22001504329045
2,14.348626956329838,4.762849542192503,60.2474556287916
4,9.926161942680357,4.360970023731129,0.1447150876917816
3,6.003389980200185,2.7515787164196275,1.6676210046989723
6,11.574105368123766,4.465358107765196,0.5449222013270029
6,11.058536522788996,5.506799274843949,0.0
2,14.217830064436553,2.834218554767995,116.01239435373786
3,11.476112315884263,5.958944541493993,10.412593946294493
2,11.534002327385998,2.573329687513945,128.63108015284658
4,13.915073401033286,2.879567046923896,71.17727569903737
5,6.7791815228333006,2.3261548445238462,0.40752288459434916
4,12.649494399165363,3.5180727125070765,5.390959079840282
6,8.468915456267792,5.877960149982482,0.0
4,10.115245115582795,2.4332153939574774,53.55220852127203
6,13.47488628919807,5.803352244873526,0.06834925687534532
3,13.202386610788535,4.667311279533326,5.067315967060033
2,13.508909474837358,4.805274069741342,97.00554359698812
6,12.67555198637876,3.1396950766373433,2.0714556905638615
2,11.735751742915673,5.4232844263581,48.35387924702533
6,13.154788568934517,2.14795862850302,18.023582683559855
4,12.250409169849565,3.0607508743980483,16.863212139336937
2,12.822611973676732,5.85344860298231,23.377186969591726
5,6.947489149865966,3.092192591397555,0.42486777964741657
2,14.447260152739032,4.088066340119811,66.23206056026997
4,13.451725343563565,3.2143305129514563,27.9166867159927
5,10.787138047998953,2.497686374107865,3.917870555068324
4,7.160982890830223,5.301805218628728,0.02017226743113091
3,8.472972491810996,4.138779195307021,1.6139789555173087
4,7.4027461118787565,4.725005103107368,0.3178871725642968
2,10.016325328096068,4.639473393095384,12.416183922420167
2,10.54199263721938,5.610563685642887,8.858719639624619
4,7.891468878711169,3.537414304733065,0.932132236718381
2,8.635674735273877,4.656448779168656,19.218496589474938
3,12.982003472360843,2.976102630486998,86.533432573014
2,14.733364983615944,2.9518620674654708,166.7996299568581
4,14.470502516773907,5.166330405393619,4.929917612373211
3,6.70861974764148,2.648714520396287,7.959343628658331
5,14.508683396180228,4.38629457651815,1.1870084181932978
3,12.926182366100935,2.09526609746246,116.1822640875315
3,12.651013089490554,3.608749283961758,56.418404939149234
2,9.618043742899456,2.240295869988009,134.09738296020882
5,9.713678419199297,4.020939798805793,0.13317658134847943
6,9.937756242378553,2.560231191988815,1.7120990652589725
6,13.135025692640072,2.7268005470816963,2.0590463950793816
6,14.297452918906378,3.9253421006062292,0.28225497600548477
5,6.611859351929197,2.5316106068500064,0.022719920906952386
3,12.84254771685956,5.748621332374617,8.901619021425851
5,14.364461123811534,3.9776354269080345,0.07773577487159683
2,7.259279750833678,5.867671491156096,1.841501885007349
5,7.7894405667946724,4.872217135497895,0.004918251011063106
6,5.701810269932423,4.7924590956537365,0.0
3,5.570265325556645,4.636081123674181,0.15098899917698744
4,14.128211317241597,3.9864458630021256,30.53080572128722
6,14.057518611725682,2.8721534511260103,2.7559768517716074
5,12.800364771893959,5.460572450352494,1.252225493591344
2,6.965537338556317,3.287976083082778,37.801496901286974
4,8.99632723292304,2.494987426735979,3.4882955112396186
6,14.500588085712604,2.2472794977646258,19.753015784844937
2,9.175812895144034,4.255491437871429,43.12170653556914
5,10.923285648289454,5.666960867612977,0.09530609182761558
6,8.698354004084198,4.3059834834669815,0.09591931787948017
2,5.714096568348407,2.550799915459968,32.17241199544932
6,12.235638440127783,4.480606268103632,0.059654222943725486
3,8.651614327498187,5.574685024981061,0.8014731310088591
3,7.416585616081123,4.312989963858014,1.9485417611302873
6,9.801536822368924,3.3671950956970873,0.10015858752316877
4,10.057475273759966,5.485393272202875,1.3604848060137287
4,5.808304964002586,3.825337624417318,0.2916612545001142
5,13.985400671319049,3.404153118927036,0.575641509768199
5,8.37391683620643,5.373976391470988,0.0
4,7.815472524345254,3.596123318929527,0.4451492620810516
6,5.1218718583689125,3.5355984001040235,0.0
4,12.652417151535857,2.815291336955158,22.86938484187327
6,5.986234480759707,5.6024386108083934,0.0
3,7.7525701586072495,3.4292114158217726,5.471851208338579
2,10.421674020063822,3.272116545825997,119.3884907181917
6,6.312091741447934,3.798990157875119,0.004449857739561582
6,6.501183812995949,3.42853805634254,0.0
6,6.018971834635475,5.35787299730716,0.0
3,5.995834198050208,4.207724299173608,0.22465127874938154
6,11.164423826463427,4.719938294860091,0.0
3,7.918362982879421,3.3336757205021104,2.1162016607301655
2,10.584857058511371,3.3360667335181766,127.09629232681101
5,6.99271128329328,5.4430306128544785,0.03325038948180984
4,10.684541582894717,3.7575947985897438,1.6206547459143017
6,14.635736853526272,4.890604481507673,0.37665791137565735
6,6.205036233942439,2.134005917991865,0.05118395923760536
4,12.564162433854827,3.724473365880912,10.743942419723032
2,9.147156351679486,2.4092767870583054,100.29238584854595
4,6.766735616281267,2.501955637670334,0.4382788897598212
3,9.706472521378567,5.6098286718041654,9.085207798135448
4,5.312849178756642,5.1390348329577575,0.03506220540792655
4,13.173465182471004,3.2978480790657074,6.9178226371580775
5,12.168174215340235,4.896621730686688,0.3384026683309658
6,11.843482111507804,4.451472243032052,1.3707838595614221
2,5.524775333912646,3.74311970223956,7.045406394861058
5,14.147410559344124,3.4845407700674533,8.421560106258733
3,14.275623676470854,5.805904330138626,11.170762895675704
6,10.43084551533985,4.950640506829348,0.0
3,7.335132071962983,5.167631865153965,0.1866346258153046
3,14.739174166776799,2.8966430665656855,134.12450996402492
4,7.636980690436368,3.5803114769626414,0.2735150118398796
2,12.407695096644193,2.5283960108921204,130.5149944842031
2,10.899703626178967,2.185145615333523,171.1539683378632
4,14.440342384698067,2.4110541666681433,91.85180498556151
3,5.410371878862465,3.539828374999469,0.2553361500340768
5,7.427086671607631,4.475041597846923,0.03165636156999282
5,8.686041576525234,2.559406282024799,2.158008170898924
3,6.0190467925101405,3.514915126703228,0.7317502795868819
3,5.140772346848364,2.9417032831308694,2.0111792768039733
2,9.075447471159093,2.5323385451266045,128.3402829897982
2,10.157504570386156,3.1883699678996247,70.1536702857283
6,9.006370267964714,4.952203140337135,0.0
5,12.738057572949586,2.986198735748937,8.558033112753051
3,13.532042176265257,3.8434015829852237,20.986699117316576
3,13.823711288885503,5.770587372258911,5.75497109782304
5,10.064298673173003,5.287157520676445,0.0
2,6.988838056626314,3.66795854070615,21.49457154768284
3,10.705099542004401,4.9228824199067684,8.578089178230094
5,7.231873485197292,3.6259761193714963,0.03238017077673147
5,6.662710111241078,5.1218245169862815,0.012379028008420789
5,7.580488844998737,2.5287950794933733,0.5939820749482017
5,9.989997626485248,2.8478808707612657,4.312554628938616
6,10.10792445949729,2.71318054956014,0.3558522116797802
2,11.251430420386326,5.964953417792412,68.08646581346166
2,5.923421697988197,2.5725175758398073,38.862146674603544
6,10.740917922925988,4.37236441818221,0.8210810051069979
4,12.76621801717663,2.516607825849524,24.362342907196318
2,9.349681372858917,3.098419334396368,74.10657175015471
6,7.103033734694422,4.19900464172712,0.0
6,12.046556436668135,4.062097017037749,0.5926107035513168
3,12.993796980016858,2.315760503298808,84.08485359757455
6,5.4862133974840175,2.781371658345337,0.0009237642270544167
3,6.908522734020433,3.8539843355095793,2.247986107467427
3,9.92908147634218,3.9913788502510616,11.097720903044996
3,5.960427284502369,3.34143840384009,4.1846447227749906
5,11.30226052254964,4.566034817846082,0.4006601835567823
4,12.885363990939,2.4100661110888444,59.35894595839958
2,8.83492176785132,3.038627561518608,95.78591792693884
4,9.647960446491796,5.793532196265025,0.2845685469867268
5,14.043531974815085,4.924769762168875,0.5338554168718599
5,14.174024972002094,3.411052531391019,14.507904382997635
5,9.320102704470274,4.0514400688169445,0.03429326708939254
2,6.882084251876854,2.857909568647633,61.83463465335455
5,7.562101550980742,3.0444780155760434,0.11809969429912068
2,8.648347626137951,4.33292085906661,60.478175447356215
3,5.826832960445383,3.2995921199184695,0.7280181441417013
3,10.918094114813275,3.462452511493526,36.94596014987319
2,11.60511197497751,3.500680330923034,124.94076665076621
3,13.447335110080257,4.616578146097055,11.2599488166459
3,7.491789547765397,2.0150795044869976,24.468271352475778
4,10.596720161016304,5.107829367679207,1.9874272533053956
6,6.60948454463504,3.776267394349327,0.0012129218842324245
4,10.91523259218496,3.4759161542260455,11.49771656468203
6,5.004270337128406,4.278479083505681,0.0
5,13.983382091285977,4.969335319673979,0.3516935708659986
3,8.814300098226711,2.6120579671435373,10.252016945659967
3,9.859026691431053,5.332505235697169,1.040092321354903
5,13.209533901982836,4.3845689093773865,2.8511248142591774
2,5.655741557363319,4.37506904340564,3.105832640323498
2,13.93783494203468,5.428728594611182,62.508658716967915
5,12.275432274340066,4.770207786216147,0.03790186787237418
6,6.5125469374279445,4.533468108756027,0.0
2,5.287382808972003,2.446696342091503,31.09385852054669
4,14.66953093338152,3.623357690253415,8.19066887652871
6,11.144082448150895,2.6913726534406135,0.5243147653468195
4,5.2141696805233835,3.3739817625564243,0.03587935543347186
5,11.539155624188652,2.9227375866509244,11.750232505299419
3,7.821825674192439,3.5790895615351848,4.175045004580258
4,7.9695456876965345,2.0928971880124045,5.76795690455975
5,6.8333314037061115,3.7156369683171513,0.0
3,14.48972140512671,2.765170117851104,72.27336236591914
3,10.104035207207064,3.356299735210874,48.99511651112982
6,11.10233298698759,5.821365572617772,0.0
2,10.443716610327456,4.074275749946098,90.97687176932249
5,10.362443505251802,5.456830684218101,0.0804791319245781
6,13.62784203091109,2.843214213287642,5.912129137871157
4,5.416508807567942,4.860137914871451,0.04587136752090826
6,7.649874415498291,3.673118363681463,0.03922008277952299
3,12.449162750062559,4.987683259503829,33.723595635126145
5,7.489075832819464,2.8281963772181027,0.18591542065525213
2,13.975745780936085,3.9772358136463026,133.44233081636492
2,5.6469341211132615,3.9773108417866103,16.78040766706631
3,10.269324859344534,4.495560409436981,3.3688400272858074
6,6.563867670116432,2.0308679288473566,0.3356297508452525
5,13.53468893024055,3.5315812964444784,4.206364627885514
3,8.546391243634375,4.531041927028371,0.2991775890050867
3,9.282561965903149,5.072240157015143,4.103683228233585
6,6.514884487060645,2.3404849256215052,0.21545764299856063
4,10.037991255551653,4.405016917420317,0.892973781146263
5,9.300454884487682,2.101838352498422,1.3931209007698853
3,10.731360796359079,2.7095764431720766,49.44354310152878
5,8.666405893962015,3.8674653214423613,0.027470846346187867
3,10.047436046155635,3.406536970494792,9.16557082622533
4,6.399875760114032,5.931487523244108,0.19702424536121924
6,6.500382727626828,2.8681454309045753,0.08238878009863185
6,9.693804501237846,2.123911992056761,3.115664211612636
2,7.510307993900712,3.5082896671253,16.780895683689526
3,9.426009833725248,2.0399253311100223,55.783095023968166
6,8.228279695401781,4.241744771365194,0.012124585758421019
6,7.488939705697364,5.345927743055897,0.0
5,5.143047630958494,4.563420819230675,0.006900328153964352
2,6.132240360301472,2.6758934203372067,37.7220193494637
4,10.817663075877475,5.381823669689349,0.06834415614364205
2,7.124775411736595,2.742098743920759,73.17095279860213
3,6.685830029853732,5.222652088499606,0.08543833428607503
3,12.599651609715563,5.642837561786273,6.113833052501553
2,10.124207239342672,3.0158032605427816,120.61914441146922
6,8.336347047474895,4.20823452692383,0.019958116265677447
5,12.936006854342585,2.4025431159380153,45.09280348235104
3,10.190856265518793,3.3048727673433453,8.33982800677776
5,10.716500509526895,5.156079459133837,0.12641789635143905
4,12.834057337544493,5.092579487542769,1.3910555004046612
2,6.211184267605434,2.2468755250637944,76.93628133631778
3,13.787471469672377,4.104517886802713,6.865733545831022
4,6.407193232938754,3.0003573505086165,0.3123757883490223
6,10.936940691631532,5.941548070533468,0.05571470152844889
2,13.01175977862971,4.747271376893012,46.51118307143388
5,9.71052655913229,3.804209234300373,0.12469672201073682
4,6.539481292737118,3.144109534295405,0.33159246760446803
2,7.210784516818814,2.372791248345493,81.02951128490973
4,13.010912943956585,4.534437253808017,0.7145197520438272
5,13.455658468276857,5.4659347627934824,0.5767880383186782
2,10.327583387212421,5.590820295423483,69.33337299958094
6,5.386271256404774,3.496238923752943,0.0
4,12.471157412399394,4.834545423349207,3.3133844034591147
6,12.53575551253439,4.227035297546264,0.0936862718635392
6,9.351627903775437,5.380555357349261,0.18291608032083706
4,5.170526351666107,2.6191520570364073,0.5255810070604194
5,8.613147293606575,3.1256701191410445,0.04490681811899696
6,14.174867532659826,5.663905159867342,0.0
5,11.897670080278056,3.1608485965923414,2.013190087641396
6,9.157406720453176,2.0419419880938743,0.3318152291967832
2,11.034945783139579,4.632482315528705,104.59746030878432
2,9.702483211404575,5.440239408210778,20.17622313950344
5,5.491484172719727,2.1225377846090856,0.042980316128680814
5,13.015198373521645,4.414301180931657,0.45884991584261275
5,5.9354241684608455,5.540875420794745,0.0
2,10.418237255100589,2.6653510906433313,140.6191294321953
2,11.88311271946879,3.386338645370746,95.01588891439103
2,10.341323858403442,5.145942208692327,24.200960218615123
4,8.317865375160778,5.204741483042373,0.10959375244839543
3,5.8978157606476085,5.912452914202971,0.9446044968310293
3,12.230830275874354,5.654080565852112,4.544788311650528
6,7.145575083415467,2.6975419838167314,0.03158390318295153
5,11.762229188487193,4.656720709966956,1.3410550117541506
2,13.967334076263985,4.562748897173256,101.04222254961435
3,13.877401115434813,2.3561065253502136,129.6548251100431
6,11.352175153134331,3.696952366872862,1.3291528252798326
2,5.781797580314802,3.7461303089182074,4.188735606935404
3,12.947932302783604,5.256622736474036,13.924979292761867
5,12.703445970680704,4.215897999005149,0.4282679061058887
4,14.3894396733268,5.077272954745064,5.3675114291840975
6,6.64648765843955,2.2010995564917866,0.2133952000521594
3,8.675585708875147,4.319159581518788,2.1866704143963878
6,10.052753328252026,2.0150166952332693,3.7273982246940527
6,12.848433438747952,4.031988302111436,0.4098746146137657
3,14.104935559232764,5.989437474451255,12.959955554193783
3,11.612009263234508,2.0137370138417694,133.74646342087127
3,6.260506489611647,2.1675765262098246,10.20545051773698
2,7.2656337799995,4.422966874705886,2.936008381891462
6,14.769952335738497,4.646454353373601,0.22699220648280705
5,8.05639131073507,5.200082486837385,0.002448053665954848
5,13.819392191246758,4.986246346125544,2.4833999144205894
6,8.533033030469976,2.67612566497263,0.3103889707651242
3,9.422797253498237,3.040492782274502,10.804149167361036
6,8.458836321675161,5.497277082811764,0.0
6,14.918516893347938,5.45825228862728,0.08536771452555142
5,9.628265236866726,3.370114228742734,1.0153002708756234
4,10.212839448420167,5.411213301488978,0.08157865558083482
2,11.826113530880525,5.106691203043775,95.01973390403566
3,8.45621391500855,5.829138317666457,0.1238101101810666
3,5.643376013437353,3.2124857342657873,1.2217069531701337
5,10.93435564514896,2.0593339141196774,67.53247372486797
4,6.572086693612147,3.210065408368837,1.2519731820507467
5,8.430404878119775,4.327649196374503,0.08405714136419513
6,14.400796626790212,4.914746087905,0.0
3,11.857163739370467,5.349080672185991,2.3891049385595213
5,7.655232281536186,3.93657441128758,0.045046198366032776
6,12.51833251840948,5.471822881797895,0.20022189992406217
5,13.819135415705016,4.0162639876526285,0.3369507743964168
4,13.10978519699825,3.6811226021876853,4.626596489284429
3,5.524573373529337,3.204538294492284,0.7261377680506491
5,13.02057952204436,2.3628611847218774,54.670617713717064
2,11.966995124338638,4.801228436913261,28.544779242533718
6,12.665029752219152,3.862174134737908,2.2452326508225875
3,7.66769951034065,5.889897823413293,0.4112873403541169
5,11.701391928913429,2.792514364459332,6.313218535332427
6,12.594004274721922,2.2966107520819046,5.58985625429021
4,7.209087433161894,2.8300141015512312,0.5276852486494491
5,5.029973294592875,2.308677238969218,0.20773075929932489
3,6.119127176406885,5.281646125849522,0.770818473226663
3,11.04086767652615,2.4255289973673153,68.05186744090662
4,8.42426503335767,5.578341485853283,0.024476830119982917
4,9.908061984366595,5.237265946039045,0.2835766966373767
6,8.080716338718265,4.88089877837028,0.11847785466916051
2,11.70556747713653,5.649887874087495,47.79713177432039
2,7.513770355962701,3.238515867728613,47.74214228909782
2,11.386225181305694,3.4686463720815595,87.90423735211218
2,10.868932405618917,3.026935790010312,110.01918340029417
2,5.537249949916373,5.6896967526745055,1.012022985687644
6,12.150304736759946,2.0410637417145847,27.669975210399357
3,6.291020640861453,2.1407653362331236,21.09993681465467
3,8.472996857942444,2.1507549822684497,47.70500002061997
3,14.10954767147143,4.641423037146573,19.70951262458524
3,11.335694314868746,5.291473184245142,7.346885604308657
2,7.8337219634291095,5.94175219783741,6.06419449913921
2,9.819416195278473,5.124495672818746,43.691100145419036
5,14.044851127084772,4.235349490286849,0.8578749934001814
3,14.356035140964915,5.993241607196467,1.4157780128462847
3,6.757190953766403,4.666203369299216,1.4208677515842822
3,7.793139610825483,5.651797273208677,0.5281405389320261
6,5.264211572937903,5.144240427773807,0.0
5,8.544740904531736,2.3017191086424607,2.151933628897427
5,9.39564812892041,4.758988988247107,0.0
6,12.417662250503856,3.4079550156724316,0.06291664933574347
2,7.837740687829005,4.2829233909942355,9.124340446270852
4,12.738866718068785,2.970378335544646,66.57425497355662
4,9.362893037102772,4.676632412337826,0.0
6,9.01301781853515,2.5245082928659315,0.365290477554111
3,5.400273348487853,4.291895025921178,1.7979417602200352
4,9.149950523665623,3.430976087580556,1.8155388324190886
3,5.673296861381095,3.6155035074157165,0.5135707336119564
4,11.360339969606178,4.37760399999847,1.9754710116031948
2,9.759290232013209,3.5351850662731947,94.165011690936
3,12.534666090574795,4.230183118537494,21.406546137973056
5,12.972459151488735,5.2764266656556265,0.5825763768552836
2,9.594095615920256,3.8336169553208372,94.53985423280602
4,5.99628214703006,3.4483988307673634,0.22812182685007448
6,11.716213613168655,2.872878671489814,1.0034049209305502
4,5.215779760301649,4.961219761797221,0.02359175673998307
6,7.26081218288707,5.484240716797835,0.0
4,13.52627770569218,3.032430009624891,12.058664729915405
4,13.82000483757348,4.962855849451913,2.590056674537312
2,6.608916262861845,2.1092492929854965,115.46743916598668
3,6.641221719826219,3.053241083040314,7.8911026620811064
2,14.986037807251458,4.401900821106805,94.1774778305234
6,5.1054861378897325,5.3690120621132955,0.0
6,11.244999323497444,4.976468061948948,0.015923294469187065
4,13.761243448203963,5.929494979718385,0.02483097692861277
4,14.273228239612873,2.040367221024624,115.55071095758223
3,10.312966945829276,3.5012228940454513,17.572209384833574
4,10.611359705153546,2.4649677421484975,63.19901289400606
3,12.962517923994678,4.002085290809858,44.02894976930986
4,8.047924868272577,2.8743609180511234,0.897728591220149
3,14.45210702692481,5.566110485528597,6.934266438626102
4,6.050985970328144,4.859288495910421,0.011439596233859914
2,13.274648063050844,2.501294287690579,136.50414500668995
3,9.982111161185898,2.2207262087442627,51.42042539683105
5,7.805641878318683,3.771017258197254,0.6239882010155212
4,14.646546457380884,4.286031677002288,4.089070796946537
4,8.507411353996998,4.903800189738774,0.3077776673136711
3,6.821135628713901,4.23755642762263,0.9545600754771103
4,13.153247072715525,5.451678446173126,4.780811522045407
5,5.797169396945225,4.991853150377462,0.0
5,5.399748221218138,5.917316009540041,0.0
3,11.618437486927501,2.882747846199632,75.89381640413636
3,9.732337599973722,4.601929867264107,8.152284962141986
5,6.679397977007087,3.752520326370594,0.05601354718919606
3,6.011885196712515,4.451082149030867,0.4770243689218253
6,14.07740893400835,2.225240360145173,8.675293670184328
4,6.391377596450248,5.941523718711993,0.023710730305586496
4,7.243880047589198,2.1733467276939824,3.248817324738424
5,5.211282992339309,2.845529111738195,0.014495542430152998
4,8.241417687232378,5.969484782875103,0.04044620793375771
5,5.567865221506773,4.320032985754508,0.0
4,6.721737304258017,2.9095192508132315,0.7272594987062072
2,9.161665067622193,3.7179267174965496,38.55522223260958
5,8.342716114985658,3.313210311998506,0.2085061853962944
2,10.88320317464315,4.0987188130475545,25.338237054472536
6,13.344928068825666,4.616726495449726,0.04438413469246901
4,8.60004558922018,2.242883895030793,7.821910330095049
4,7.164495870640656,4.798640626516326,0.05731907927314008
6,6.9542471493241855,4.272696650747964,0.0
4,8.546818591834016,3.73333192372,1.5632469332089618
4,10.672134927085132,2.175653419868333,70.27642587778793
6,6.824846160594282,2.2006590242163577,0.08659098620445063
2,12.112443829376335,5.626079132666653,19.033533591902696
6,13.801857361220849,4.578739292711076,0.08970887777839577
2,14.929125223935669,4.4373335700809635,60.472804729737526
6,12.395864482100032,4.523783223716983,0.06418761111445533
3,14.851534654385551,3.596526728478217,52.694618097839395
3,5.102932784996539,4.47121460652215,0.20261771521176453
3,11.391387901821123,5.214476538500991,11.809008372649586
5,5.180861810728862,3.6636337054548047,0.0
6,13.546713769365423,5.826711967603778,0.08717758535296397
6,9.120508097248555,3.4036509637959815,0.11458156987043004
5,6.718076826849279,4.6936178511630215,0.0028427687434125623
6,14.454558985679615,3.680985939080474,1.0770543817718803
3,12.197708120512726,3.4907741422120666,12.625969938065975
3,13.118088383666258,3.82938164265395,33.714534541301816
3,6.805806869973415,4.8177645121701715,1.043582672318989
5,7.273566010337903,2.071447314764665,11.062155595291866
4,5.183838209592419,3.8765242537973306,0.26395362283861035
4,14.461051250163045,3.2650622958740176,14.307849261680305
2,10.30312515127251,4.436569424094165,22.342054509518768
5,13.681499177824586,3.3803313908990074,0.26344459441908963
6,13.445095642693337,4.229813743527995,0.1575415608237957
3,10.574459043321339,4.5314953765409225,5.791232941133366
2,14.79622086158247,3.415456343326284,125.11406968174595
3,14.679806292511435,4.276710306897666,29.100297849896396
2,8.149058288916537,2.9648304339671117,70.0362227618444
6,8.61492711966197,3.5558837755989168,0.07444509590045066
5,9.600584019519962,2.0153120831086277,2.78477649441577
4,13.267541642307046,5.968326233968653,0.9680574837743242
2,9.482886290830075,4.474916893094611,31.789390341216347
2,6.765939940488383,2.8067953125310905,27.570517113170723
4,11.80395949547679,2.2516169779285113,50.96434547131798
4,10.49023967470428,3.9887980449130507,3.974540883421449
3,12.045233236354367,3.5299690228252714,58.16540529147985
5,8.071271866570983,4.289706265901249,0.16244754395146013
5,9.352439790871141,3.623317818344556,0.10932089221344732
6,7.482691001360486,2.7492530800970343,0.06528614801132174
2,7.073364782446338,2.50800224606127,34.58587751025093
5,11.806430066232565,2.098862350508528,15.265276485657502
3,5.2242893250745635,5.825697979886512,0.015547491758940605
6,6.377120477995161,5.121423585854754,0.0
3,12.990184753764431,3.1549732786959064,49.15034946889731
4,9.084232317125743,3.1071704050237767,1.5709902487726584
4,11.05502497270546,3.1693223190139808,17.942259202332956
4,8.180448759469552,5.831722555332517,0.031018186169645866
3,5.677233333888692,3.4374368715808026,0.7244672905187047
4,9.650808696644864,3.474635129642673,2.5719758222369458
4,12.271192086046117,3.3530445964237092,3.1286380287930906
5,12.611764109925453,3.716932790605832,1.0790691121911151
4,6.356519023313844,3.3650833968882723,0.5238992355071833
6,10.473749620703217,4.336673223137431,0.011912352666889062
2,11.00399545606861,4.766379104419921,102.09934684649205
5,5.821447873071693,2.224857168311536,0.009149381270154473
5,14.198564897535967,4.264921295295198,1.801323893893473
3,12.542158910842907,2.7978086038187837,43.6842755836222
4,14.976849175642661,3.0247301197110836,70.41458572240288
3,8.326997887811487,2.1110079499753387,20.194095453087776
3,14.611243738336135,3.1269510402367384,76.27693339658681
4,11.311181846716657,3.0131622273376193,5.0835878418555955
2,10.825195432343026,5.373161506427438,7.405840103486443
4,11.27747543484056,3.1692750643219294,9.497376683111732
5,11.17774271557695,2.038315612775717,44.865149564574914
6,8.872222059007772,5.458765449488304,0.0
4,13.194113164026117,3.1159364444093,23.653584060010367
4,5.6307798448088295,3.9751967675462185,0.05223754362525041
2,6.077309801418665,4.746219711053828,4.518841750857948
2,7.03758423662468,5.2733762201643835,1.5220253385039628
3,10.547502832844046,2.3658160808176745,40.115605760784085
4,6.504266161755874,2.2146111676546165,1.6103585234636515
5,8.128539781340569,5.811345732080177,0.0
4,9.513494783619912,2.14465403315932,23.625281831046312
3,7.873513952875138,5.489707905639136,3.042181620397214
5,9.099075715537229,3.4460629103572855,0.4608170701690867
2,8.250705997475897,2.939829468462026,84.90641101486433
3,6.344779059047088,4.539263632196276,1.0526885303721465
6,5.772714111047703,5.5219409775125765,0.0
6,11.01130465086319,3.8700546217694303,0.15585027991529013
6,9.002343049311765,3.771580952582704,0.0044567100421519824
6,8.802636619458484,5.972671229257371,0.0
6,11.898404144775812,3.5065603787154287,0.16835354124745444
4,13.270087383053218,3.91978728828658,5.461200038381374
4,12.133735039030476,5.448580020810377,0.6331082342541331
4,13.831331441213962,4.865306931860523,1.3662401662513919
2,5.15361889259094,4.08824590067697,3.598518386552781
6,11.337972895285581,3.607251330511129,0.16685339378362324
4,12.416293863940044,2.1935597901737256,55.00483006850203
2,13.719498773322108,3.560346895173484,95.83541597247246
4,9.941608349576203,2.0280824814673157,16.565411612219442
5,8.100041349791127,2.2239424922351922,3.2768088445483454
6,13.865533061255203,2.1888167155554723,5.251343244367734
6,9.426254971676332,2.8461099285076004,0.7399545834343901
5,7.5417713387236525,2.50701821618778,0.7214313041998505
4,8.221089529536084,4.904260103334249,0.0032950270421999587
4,9.453795772733619,3.824881220707182,2.0202897712010244
3,10.860771751146387,4.177957123358766,9.161891782622817
6,6.0775550932507265,4.14109358420183,0.0
5,10.549898309220351,4.359211332067155,0.0
5,11.489797275411558,5.3046883126912086,0.43020998452469394
3,11.596969782153138,5.543424731591072,2.239313105245821
6,7.229073194851075,4.548617381383251,0.014414080263056867
6,7.843305063575041,2.6557420461846606,0.04180759399628844
3,14.147431451648188,5.933845318331992,3.753825787951803
2,11.652955995948385,5.561588505013933,23.00826330366198
2,13.428364759537265,4.864716201350834,40.348931648395144
3,12.348953274053203,5.928867652214922,3.355682464017322
2,10.599523156408836,5.734639228668389,7.086336453759784
2,12.030261729951828,5.575857135664733,56.129257121953195
3,10.791684276473696,5.592928233922107,1.6588916381525571
6,12.333458159596212,5.315140318517409,0.0
3,7.077325689430455,4.323003321463009,1.2009104693199222
5,8.118643307260292,5.231589160931982,0.0031337827103791053
5,8.838001538595412,2.089399653128406,3.3485758997421513
2,11.93429398855186,3.1394403300982696,127.28884345643011
3,6.686936469440726,2.4122453948737284,7.526088804939167
3,10.745184844170193,2.4581318688433873,44.36084943426034
4,5.632284436351505,2.8315229586565134,0.257342482653624
4,11.302988157515724,3.24653322683218,6.948650843286107
5,6.807057379308022,5.110501082178454,0.039388215878365905
4,11.451958638672593,3.4079590272145945,12.353615440359077
3,14.915352725825484,3.025137044140564,46.25079442618053
3,9.19754745009029,2.748489304818818,14.11668990127776
4,6.221737838869829,2.65668510326247,2.6494017535638688
3,7.455005460424004,5.994575260417302,0.11496649002748252
3,6.882352163205318,4.815818774016699,0.26787188341551155
6,7.27064123264263,2.111242171936804,0.33253579969390423
2,5.364857188046579,5.954851006090564,0.6420941557747716
5,14.073882197245457,5.924050278841186,0.15664715147378555
2,12.751617897158543,3.7571601711522016,85.45728641275286
2,14.843900141123715,3.9351819112590287,87.35416275073665
3,9.459867014120254,2.5929557911957564,30.1215567176469
4,10.870508823022725,2.1171706092649494,82.66715795939463
5,12.649165574299845,3.3630354842892562,6.128916358434689
4,10.438021530126592,4.6802675356204,1.2209583937166468
4,6.011577453548661,4.08092492874478,0.12915426986272113
4,6.205859116748079,5.3910632672103755,0.24287617629740474
3,13.488355477156105,4.878984569690781,37.64960596966021
4,10.113149717416274,2.698836944998252,50.75447698182996
4,13.6720016751692,3.144056654529516,65.74549104176035
2,8.915210242431183,2.0371875145094367,103.87718779530799
6,14.53760234593446,4.102609698545227,0.4047793067344329
3,12.443039960890896,4.1774957141215285,11.763019688890799
2,7.012640982465994,3.563417444622239,7.062853785929867
5,5.059219385146751,4.691042288475342,0.0016021544816053083
4,5.167137396467847,2.986452869508081,0.3181198726153059
5,5.790110035016854,3.324611804792217,0.03892393285027483
5,10.681380758320284,5.754645033797254,0.2853053835680168
6,7.3144180691571865,3.57976046450498,0.14077088923981976
6,9.333291111065627,5.6807958591136885,0.04953821125608541
2,10.07609955672326,5.205150351521839,10.44564005896204
5,12.566905447773513,3.878902231797101,0.7562133223207388
3,12.458467437315138,4.0614468030458575,42.542897698730485
6,5.874372255397953,4.048548607378091,0.0
4,14.214363852040158,3.1647197925006063,47.44461682726708
4,8.782196671973828,3.2786595836485724,0.22318655724270656
2,13.063109413060404,4.304653917546258,44.0908050559758
3,12.5216757493682,2.7850232094515115,74.56644813902318
2,14.050066741843265,2.5073429543040193,160.73108196087858
2,13.902969277084289,5.495520409959527,38.709216762427545
3,9.653593859260745,2.1876264975043664,93.49032509910336
5,9.908861139037867,4.753447542336787,0.03296548631146946
2,8.090733994334853,5.037533396501919,7.774048110285687
3,13.365421852596509,2.139227902744206,129.46470414251985
3,7.986546222075416,3.4499822451012028,5.460132730787087
5,13.733087906390658,3.5028081763296646,1.149125454184745
3,11.802342043128409,4.160544340377954,5.453143967446978
5,11.32863601752401,4.628866785136998,0.31202143486955847
2,6.303007673627825,5.398729853490673,0.7277460837719573
2,12.89685911547902,5.837858053447407,50.10650564120129
5,13.525873036577275,5.509999673871823,0.2578698555485418
6,12.287131964695881,4.247282893366986,0.005845210331104396
4,12.200953732670119,4.765159223421178,0.849053370445132
3,10.681400537137726,3.0620922725239224,44.172659096314526
3,8.540629797115768,5.787746928143905,1.8414821079775903
4,10.141702863334803,5.077139338747463,0.30165373387662314
4,7.752456342875314,2.105071833168691,13.880749829677265
6,6.506710246213167,3.8547544301778314,0.0
5,13.554317871912154,5.609307294946722,0.2517779538662537
4,7.516715147909974,3.854943341937287,1.2070446185310075
3,8.68587447405911,4.183795054672205,1.1690097838016447
4,7.237033756966801,4.0677481053181035,0.2338817273551558
4,6.2121995981938305,3.897568745759818,0.0956553170150168
3,5.505132341981955,5.452895550236722,0.15637949248239447
3,8.849369401335458,2.1885034815220523,83.29333969777079
3,10.252074321411744,3.9648962370880327,3.2626852097907535
5,9.402414717043339,3.761440643918814,0.2669813573338985
4,11.90818322823267,5.7316491953473,1.0016208451216648
3,13.957099335607788,5.954063185572684,3.9525647192555144
4,5.607047293311299,2.593935665614811,0.5010385804010064
2,12.056511711544756,4.901987845817195,9.796415067624432
5,7.769745670358848,4.722593409330205,0.11221227217948682
5,7.318959857992451,5.993600754189423,0.0
4,14.674357906303307,5.995632496609122,0.6668403747884174
2,13.561095971574897,5.944310039054095,12.939080861069383
4,13.51828295748141,2.7263918955864037,52.323945240334005
4,13.523020275299803,2.7576570717341906,59.041282462544274
3,5.078884360388846,4.433682946114067,0.7738108693579527
5,6.639208626978334,2.0848196871330957,1.3620188723859676
3,7.915425299569056,3.8840820035381247,0.8039630963084945
3,13.78202067340153,4.620465032179449,4.330868406981073
2,8.690588254883064,2.6477592149300873,121.8359793237193
3,6.495427333470615,5.207501685500983,0.11703079953548673
5,10.883775583387168,2.660404968363718,5.501610053580877
5,8.414795722162877,4.819115038559711,0.11513754525117366
4,12.936253743766176,2.6680274387102085,46.00587361960481
5,11.638798967657426,5.437859573923454,0.049688017806755455
5,7.412105883352923,4.856006286628885,0.04897531220601291
5,11.574278517988741,5.571600528970468,0.06610466033624932
6,5.356156573926002,4.729327112995534,0.0
2,5.7172008368233485,2.2599336430858474,32.76731144548298
2,5.794482956222961,3.28372451552739,13.424215281527863
5,10.897268565562067,5.525598354207041,0.257448799705805
5,6.369935916227293,4.260899834246716,0.0
5,6.9477127144953235,3.224614346517916,0.11947124489752461
4,5.030617007652861,2.522365838810211,0.09880497195369387
4,10.665685378598909,2.290016670080869,24.945364070598917
2,13.087975766711246,5.997438636701192,67.0281472224224
2,13.944825303373555,5.100192284105935,75.63538344632335
5,11.582102963413808,3.0201572099537013,1.2770313307065502
2,9.234647982836178,5.188536281586561,3.4846911717547475
6,14.2618600700582,3.5150859891065136,0.8230121884523335
6,13.62788752003789,3.728960886556139,0.4977199406605926
6,9.166185264881282,2.3161576658206844,0.7415584736183664
2,5.940881618499367,4.646460962404196,1.9239770144953836
3,11.778533124878726,5.727372965456136,3.1011120881720537
2,7.031716230587421,5.2837869600052905,5.335660254214428
6,13.31232542973779,5.903608796146341,0.0
2,8.367251459586463,5.369168451871042,15.1899863305666
5,6.4541750143172045,5.957688905772646,0.0
5,7.316870115405873,3.8439267607651635,0.3429516421597374
2,12.955895130026803,5.454456439659741,51.35880188657811
6,8.457673627446965,2.462809094214297,0.2441906613013085
4,11.227242828388434,5.803172951673282,0.23610365874215786
6,9.903792213162165,5.641193413313932,0.01933028694865267
2,6.528178986670312,3.301823299071021,18.352798135276274
4,13.277319094900264,5.599458200182678,3.8482972113657348
5,12.718530325387704,5.600015677263512,0.1717663240177984
6,10.369079381377485,4.975993231076231,0.08275479277581542
6,6.269457887749056,3.1080000043287828,0.4118140939813176
2,9.520826895813258,2.1504423006021844,110.50509131502997
6,14.855166353197168,2.565904403461721,3.1626688020170346
4,12.949765940596382,2.8272352920962707,9.174346675642193
5,12.094491990007976,5.964825433657154,0.0
3,13.73410816777283,3.5979673750391292,106.52330611652937
6,8.26415282421895,2.103133113456939,0.6062916143512481
6,5.402423450199326,4.613529932703333,0.0
2,5.069460690856429,4.317500029555356,3.2884673121520995
3,9.298917012990687,2.6994305931860842,31.98714213637314
6,9.517611602402642,5.775717339184487,0.0
4,8.551078128414414,5.981506034628749,0.10896772784031271
5,10.181991778978752,5.772045636341453,0.0
5,13.17268580784115,5.673451543553812,0.0386833740663516
3,14.879735699317026,3.5891857938744756,79.0684947042284
4,9.234587500247867,3.8717923349439074,0.8374168417487855
6,13.85204299982345,5.6832475855201166,1.0495191999573947
4,10.94757157787676,4.02342455151888,1.1222619272836085
2,12.386193909448536,4.9690414174455775,65.35427912555018
2,13.255642711377822,2.1428806160551677,133.52273354590994
2,5.5829079562559345,4.27293672643018,1.136567280801911
3,9.772497164186477,2.5551007022893475,73.38906564186807
6,11.813669300199638,2.0266498862662297,13.556574343123783
5,12.213419766508448,3.0452805355964534,3.8105801962951977
5,8.754550544198175,4.4530968466496486,0.012829431054717916
5,9.00499851125766,3.6761785869552845,0.660151708492123
6,11.051442665060495,4.651176481809962,0.0
4,7.573551018881695,4.93653829155932,0.30079829169474037
2,9.501596836621598,5.666906733117792,4.594958724639773
3,7.936624158382712,4.6609694228309,1.5302810113414398
2,5.771397428068914,3.7530451147291872,3.7447894842923595
4,12.436347204331327,3.930259499431221,9.935654257229055
3,14.789990259192809,5.223126515466415,2.9829403531260077
4,9.078130355778137,2.122620793672565,9.723794466019973
3,5.678776058207708,4.8420742778795045,0.5043512841450589
5,11.181812021087529,5.077295999161169,0.6378117711681738
6,11.672417708822273,2.373830214073434,2.623060717804051
6,11.07099290299186,2.352762904721469,2.9885451471134803
3,14.674786476054013,4.139168106789755,40.8824927111596
2,14.10744873494027,3.323371026636232,158.08989494010453
3,9.015413283369332,2.117625553533526,52.30947828371578
3,7.898240386801874,4.760426524114576,0.34186582694333806
3,8.816527511771284,4.6480872564285365,2.742793372309487
5,9.664058388955105,5.37658508578973,0.02797297424903419
6,14.732234058152168,3.2599116422021317,1.4501353931571372
3,5.435411580465704,2.1436443489920727,8.275910947376174
3,12.492901656386097,5.772279010009269,2.3229924304262957
2,12.438328640933603,2.861718734415906,126.37670288439368
5,14.83226492037264,4.271240440909812,1.7352732608050367
4,5.032074917214132,4.5157102757453735,0.07089578446309705
4,12.233018781018373,5.306750573382225,3.1870915539936515
6,12.063807216086662,5.619433016908635,0.0
2,9.401430902906487,5.807876336541437,8.239903802098514
2,6.7989961920776985,3.173766237527583,49.606299632596844
3,10.150622266609801,2.535268081318349,60.14080791315734
3,13.059091762333223,4.503366765109634,5.621471861624721
3,6.247611445592671,5.308370209558426,1.8784706668322566
4,11.180846671782763,2.0627517334633505,54.803548511564806
4,10.99631835848339,3.1033211329307275,6.308073608842496
4,10.345632130548552,4.555105497884755,0.6343854306107195
3,5.4090771291141335,5.493498507723755,0.2713386256306172
4,14.689308682098636,2.612814576545059,93.58123915304188
5,10.183860032122027,5.125329943288069,0.002620827088082365
5,14.748842897970874,4.264629352922688,1.1038663553690085
5,10.92131960476134,2.4519359069513933,2.223058797304722
4,14.433433975085702,3.5966542489259035,21.42556032953077
3,9.474956834733113,2.342133017882257,78.47898323105638
2,13.077294577133433,3.549289201907067,88.57645182299856
3,10.646049616385845,2.1126455025304574,80.47255593284702
4,11.969216212070243,2.0314489128348137,55.04458158219417
2,13.326728504609127,2.7959721882561785,129.46433002499674
4,10.382189173487326,3.2427943652673292,8.697229609109568
2,7.108505772354129,4.851042299229308,1.1066130932341762
4,5.862826388603075,3.005332337427661,0.3377858743796924
5,6.841083900478296,4.105161958145264,0.0025828864103532006
5,7.157586126866606,5.447394122652456,0.0014509864485585666
2,12.437348500763132,4.594585662444906,30.34815246640754
3,7.835654309541605,4.903093518355565,0.8933403017583542
6,11.112634063294681,2.0387606201935524,3.555416242059776
4,12.316149035835974,2.70095364965179,45.04698305870762
6,8.801953410344579,4.603692393594906,0.07807237950669692
2,7.5331774703021654,3.7570506969032196,4.751635175861673
2,9.084001469307378,5.761801366376669,11.648528509989621
5,7.898154003956045,3.9354371208515704,0.0736119363589774
2,7.779881754424364,2.0450804752247476,120.20351833836803
5,9.439654128135844,5.558671829410612,0.08646684938877486
2,14.541868416954907,3.453153281920787,97.59496249084906
4,14.336229477989683,3.279028148669417,21.173510712376114
4,6.520910033678575,4.71034514758753,0.026529640152200717
2,11.74563854031988,3.3347376028700237,93.03499028229156
2,12.135875587118392,4.823443427984831,53.75964147554873
2,14.941972794269908,2.391127534895797,134.56342747163504
3,9.856238240794188,4.496662714610853,2.619331912731025
4,7.053784404555917,4.887781870956914,0.0030052893359509675
3,5.226421151155388,5.451707836603937,0.09389539876536593
2,6.710677415759722,2.8086448043948637,13.436737772834876
5,6.520297645747974,4.948881894579246,0.05144071246186531
4,10.249845513805164,3.49479386354508,4.490045244963095
6,10.469056015507206,3.0236627034161896,0.25503942132613666
6,7.762482513968952,4.518686141125911,0.0
3,5.943216564997243,3.6511778230799012,0.9145963475493191
6,9.744119701969204,2.7567199894066436,0.7756827983485266
4,9.358804406619912,2.4256102353395215,6.531733557167675
2,10.664473187331303,5.022893529297928,23.16132883599409
3,7.289607646225095,2.583542690143487,11.650913657345896
4,10.57045279791702,5.159570422994795,0.7913242207828056
2,9.849292094711895,3.3739197965431407,77.92833829262108
6,6.110309886749709,3.904782258642696,0.0
5,6.25968927157456,2.6991920692427036,0.49534647742163035
6,12.277822583725733,4.799170028712803,0.03115559833144783
3,9.95825709431308,5.387109318518415,2.685057814642469
2,11.230815477410665,3.2550497217074166,87.85644004811326
5,9.106915751587001,4.8066700808638245,0.38238581169957564
2,6.693427179508569,5.189744733358207,4.775323935730713
3,13.766737715167542,5.897911492943285,11.538654799027599
3,6.912919821661905,5.823568596122414,0.20211926810887185
3,13.113705547423422,5.389072019197736,0.9158981127227044
4,11.115633767101341,2.423169731833841,24.35246035477964
4,6.56176379257123,4.704711174069798,0.05394051645283105
6,7.180979116147491,3.3272537669456472,0.17324058762315764
4,5.049988466997258,2.366460484505911,0.8222938867320674
3,13.816766986963252,2.7730296574295243,81.13475401722755
4,8.967611439707735,2.283322866368599,11.651705166606012
6,5.206095248005941,4.519968696304366,0.0
2,7.3278514687566805,5.402303443524008,4.678953004311313
4,5.3640689639246,5.841572083027931,0.03262841112120708
4,13.559477294224667,4.1185655657724105,1.8791486356215874
4,12.7554169870341,5.578832305005955,3.4237809446454617
5,5.753845924470411,4.062255038149712,0.0013397592585184604
6,11.610463809793517,3.931718032131025,0.1261770983328316
5,8.901130539457593,3.5015214884672723,0.20919018414460458
4,8.055155457298142,3.5998853122600716,2.237496451669933
2,12.618715079367655,2.936755983695659,101.67214415847216
6,7.539295063941895,5.491610130532123,0.0
3,5.6763133978015965,4.784196699239272,0.27931847537869403
4,11.59245250345985,5.408131048072815,0.6976944366843172
6,13.312307849310772,3.5881109535710416,0.595188695913043
4,9.877647808940539,5.624576016702557,0.4840110798716981
2,14.685477904842566,5.433992216110077,84.49051030397264
3,8.145776760876888,4.036258158213723,1.4836058627725937
6,14.37868142703749,4.973532525446485,0.009820482630560248
4,11.771349073015156,5.02842098948369,2.0510775272538413
6,11.859268403205405,4.770175166002443,0.025918089275082937
6,10.184440090268367,5.004366525333017,0.0
3,10.275311650163797,4.883338773140128,9.506959367599297
5,5.83102555611446,5.113049154576602,0.0
2,9.636147351479956,2.5001400759820576,132.04854991763466
2,12.673868382224237,5.015501517641988,92.75813847141156
5,5.244188373793851,3.6653571020255855,0.0
4,9.711726224299337,5.984632798860982,0.22305283883073138
5,11.899968045137182,3.1365051897455665,1.025695470172375
3,13.342203805391016,5.885131877040035,2.3764010683358148
3,13.16223126678024,2.518854569864615,68.61506911673307
3,13.042988388310665,3.513193785877239,38.76453691374484
6,6.322227340762736,3.761718456326544,0.0
2,6.57887067468479,5.083328998843347,4.3599148180542455
6,13.671417034792382,2.3914625117653405,2.145545941455502
6,14.977180726733595,2.099321388215781,10.395851533882897
2,9.499635021582142,2.60669580537214,123.32846949826597
5,7.033258312825547,2.190975165099434,0.22562018350173518
6,10.178748056473191,3.5322816093869682,0.10561808894435941
5,12.56776128048821,2.3422596465597776,12.025322594067676
6,7.673371932790999,2.1238658963827155,0.539110247643357
6,13.024113018163636,3.811799173251489,0.4922372895336349
4,8.20131079769325,2.982918721821503,1.7354460854887532
6,9.951691179560418,5.256127368302716,0.2829985438209652
6,9.69069730410246,4.665300006526466,0.024207033994277642
5,11.74565631210721,3.40419466745115,1.0726068095366554
4,9.413368199298649,2.231664961614307,5.1469946868840415
6,11.149817537276167,2.5215130599712237,1.4933146790664078
6,9.895945391814003,5.697663282014241,0.0
3,13.873794061275293,5.236142614254578,21.600723637192527
4,6.837613607766436,2.757395443151057,1.3152541714253516
2,12.475425615225733,4.692410125848527,37.74375192884237
5,7.689816947582354,4.214649158946662,0.041409964323571136
2,14.23862034557114,2.5948498342226523,170.8672168696656
5,13.879364939593383,4.921280341061113,3.626916007093676
3,10.37131277373716,4.7736137860514845,0.7092336614632573
3,13.316635421221765,5.376602155026253,13.294052829578824
3,5.5306829369706465,3.8205868657696183,0.6789591816662851
6,7.063993666464613,2.4106897373941507,0.08639246664643205
2,8.107318638049733,2.6861380297669974,89.3850541577356
4,14.690691889874296,2.966786675880575,55.474241029143435
5,11.404568336697777,4.1376167777736015,1.506294656400497
2,9.404643056724183,4.672870720385476,5.813760655544638
2,5.655362939354486,3.624307872694569,4.639539372563558
5,10.028841293555596,2.279969315810226,3.927032375961844
2,14.35436513810701,3.4875292872074284,107.30317288385135
3,6.2218450659070506,3.71667221215528,1.2549442737504704
5,8.747940109689774,2.7250217568273505,1.214697098935949
6,13.59848783377887,2.230069946247356,23.162316060722468
6,12.531815223890469,5.987664880381466,0.0658128290240892
5,14.418853771895408,3.6206502250608232,2.277929274751219
5,9.173375658930102,5.0100244903465505,0.004390119703726949
3,9.70387954562425,4.988315376976775,1.3845771627041978
2,9.204104935879075,5.545635487083698,7.762143977297455
2,9.894895007664852,5.107391417143493,8.588035802004152
5,9.676602779539616,4.5463565777064545,0.03817760208368173
3,7.577514842553333,2.7403526005238623,4.434611139236787
4,10.161115312735532,2.4748769390741585,11.772978968372307
4,11.61978757855721,4.38596782343553,0.4079487005820559
3,6.567114563443225,2.8348923562817863,1.1990287895784426
3,8.529465786008288,3.46998468414603,7.928626316093339
2,9.529280317211892,5.859277650136397,16.43236037179639
6,14.988860194312055,2.613841961820218,2.5338335183088767
2,11.141850074405623,2.098100816455792,177.4868200100172
2,8.837748688742018,4.6934939431448095,3.563932382260797
5,13.778704649192047,3.0532915342010476,21.345739729540558
3,5.915183063384216,2.22519320663678,3.991440820643806
5,5.152929987490948,4.549718732238841,0.0
6,13.749194880548783,3.185376395116681,3.7331205442734143
3,6.862797461536747,2.094295238843449,39.45352234354854
4,10.197670416746138,5.92654248828132,0.027207648399243785
2,8.367386253850778,2.6212268825848914,113.25525829901667
3,12.628942437308794,5.946214073604244,8.11237519957786
4,13.6690306908067,5.439160599952062,1.2733748342839792
5,6.508376539800954,4.719672387822516,0.0
6,12.809071594485877,5.713579592809288,1.0209250711076423
3,14.724977550810308,2.2971785199160784,114.07257256587181
4,14.034525994018777,4.966488795753705,1.852275398866341
5,8.458025964123763,3.5917990348806033,0.5205274702724423
5,6.214775881097399,4.0735760606780245,0.0
2,8.299154838909253,3.340662445082796,70.04942832460303
5,10.875974428622552,4.072108838009614,0.4661984844658485
2,10.429187547549027,4.087754925836663,63.19625736433045
6,5.871986513948491,5.951094408475592,0.0
3,14.03394157340646,4.248720980823208,20.143763407525075
3,14.290064308280195,2.1282383435862102,113.08206213563001
5,14.96725462378704,5.582442376008258,2.702666094575473
3,12.430541355772496,5.854469642062474,5.481613589983199
5,12.983408313252852,2.110845829082434,69.78753769981529
2,13.28037406840492,4.279624876923056,49.907606363175944
2,7.430239113255493,2.0142102363051873,115.61985232414959
4,10.705856634288182,3.6785259374792703,1.6953334785177945
6,7.1176559068564895,3.6208445446340267,0.0
6,6.4591454150537935,3.299836632158795,0.0
2,6.928917857915501,4.2319963089864014,5.887544837474204
6,5.994567062721776,4.616603105633814,0.0
6,10.938799256130704,5.808988144344942,0.0
5,6.832749129105606,5.0450157875564035,0.01294285345276357
6,7.479229339465986,2.037810092567627,0.40747565234540795
2,13.54362932106713,4.672516648445535,82.33564967124713
5,10.699780221919639,2.370749795379319,3.8265526944571078
2,7.247539919370992,5.722761508964376,3.296890197617353
3,14.35595028693466,3.920735951153928,21.94217660765745
6,14.535821045357654,2.577861185289575,10.569557277565288
6,12.657676324352437,3.9779651597360215,0.221365855137517
6,11.81236080102652,3.598654085207643,0.0
3,6.360796906946414,2.7229867064176343,4.583973398150553
3,6.704579711873471,5.4195132732389535,0.4591665491182562
4,6.8011190672546595,5.344726757530733,0.02813370467351273
3,10.076219329363186,2.6302719969888884,43.62055466002528
4,6.178168335031373,5.769668257481703,0.026586688837648104
2,10.242159037601887,2.828387269014994,111.92154526908612
6,12.97148087093632,3.967642127373267,0.1683143219145846
3,10.525543877237123,5.835451639537172,1.7198741509825073
4,9.22146471261344,2.3303049875381046,17.43303113391079
4,13.498278637797473,4.502096873557026,3.384626117437988
2,9.741485113148908,5.419165592369312,7.086086165502923
2,9.910479630162321,3.0572946759755495,49.748621493124254
2,5.104878218162962,4.806079370421973,2.105786954638655
2,7.646412311322265,5.414007472518915,1.9012015846155184
5,5.7632330310211355,3.2174908282027093,0.05024184143217683
6,7.765613740672853,3.5884553244509574,0.0
4,9.718291717137308,3.5982039532368844,3.17203550363588
6,11.647053903973614,2.4604028615805698,2.8031391616559187
4,5.963241720840816,5.1289997623787915,0.003672928041287398
6,9.346973206709706,3.998214803834284,0.0
4,13.40610976547826,4.198631470673607,19.504299167538864
5,6.129075661352971,2.3740103359976463,0.16923784109843992
5,6.12700260171409,3.597071814579557,0.0
6,8.957121293194653,2.0190772458536266,5.523151236103117
3,11.042160512022372,3.2890177138738106,109.38715508009622
4,10.551243494050166,5.754116001096731,2.7490161243406397
2,14.735323803046628,3.839207376356976,133.146361915957
5,7.907392892469756,2.5933857856251916,0.5106324954641966
2,13.452643156767067,5.610353359698792,33.497817217552225
6,12.03486409501803,4.511047453856465,0.0
3,5.400715796645647,4.196916955864718,0.11889054603241002
3,5.421234760695823,3.6770564047841603,0.3601900943765225
2,9.350873855577275,2.861733598838387,74.97062026792956
4,13.448377244533704,2.620420200526595,39.09684717165391
5,12.218221900507977,4.043700935817384,7.851117570727512
4,12.861528314192022,3.2302741205002286,39.983517668066355
5,13.652836496898193,4.626538287823738,0.2634988094534412
3,10.628450239543927,4.315929184529883,6.520382559648087
6,12.747258625815817,4.232623706497782,1.2499677829231475
4,14.498231840299203,4.273869102076375,33.52057372470511
6,8.514760553726052,4.217672708135749,0.0
6,9.313240505233143,4.8206562017935095,0.047370161482811084
3,8.144948197122332,5.20834836660099,0.38759880630605315
3,10.49545307031868,4.8877108597536285,0.28300061353634687
3,12.789549275251044,3.2104751113866206,67.07604716723158
6,5.411285326891857,3.0088530980633412,0.024115105019121886
3,5.264601558662091,4.1755554024295956,0.20971916378674627
5,12.628615711808882,2.2296876291954115,35.96065886863828
6,9.93035810653418,3.56333598658529,0.0
2,11.540621999947506,3.4048714081022617,95.05706687696359
3,13.915558483547622,5.688086406545507,3.704802439860837
4,12.020489794092844,5.938362372898551,0.39042455879680915
6,10.98953049799695,4.686969191125204,0.4976342380352921
5,6.6168005227914275,4.952264865601814,0.0
2,10.110915160202172,2.8305590337540787,135.91085129162087
5,8.012490371449607,3.621182284443605,1.5070147518233414
2,7.3119319950225234,3.622568230929702,32.5699185829079
4,6.6855741931518855,3.552559251087622,1.339937763046601
3,8.489146106997586,5.6239268615162334,2.5478267769739387
6,12.578111267841651,2.0356222734452745,2.214924758776958
3,14.628202144672697,2.1575668090092743,113.47281837240715
3,8.773412451775936,3.090655983024341,5.298146065798874
3,8.991921248468627,4.783368436372193,1.3953737359829794
2,6.201013424321249,5.515901371345564,0.3916961025871412
2,14.656368009335575,2.98650136549775,173.38963652341732
3,7.8448491633425785,2.997149598390612,8.247650675888986
5,11.482803216327651,4.843501000507431,0.7138459895333436
3,10.385769055670696,2.3949340428340262,70.35567071447039
4,14.471384318591886,4.629323283467638,0.7815633969645754
4,6.428992727646618,5.74455249028011,0.0
5,9.0093589689133,3.93702891298174,0.008678883288089008
4,10.532439825763067,5.849104352785279,0.09958202554750495
3,5.897373251154576,2.4960501866543336,2.109336826728978
3,8.805603593273705,3.207584597534603,2.629593151113521
3,9.809298299612054,5.661599780825116,1.4234667045592675
4,13.443457872640971,3.8948113149025745,4.623670072250606
2,5.74686400326212,5.501205474426866,0.5259590218883125
6,7.35754432626507,5.098055358426352,0.0
2,14.526089432549032,4.568862066810466,46.942838062120174
2,7.799624341566598,2.3647904405051556,91.97147479455387
6,10.572123853820038,5.542905701478736,0.007900987784911587
4,10.491436194246617,2.6479975070211026,24.185484317226237
2,6.800560838894053,4.08355192359757,17.10794934393698
5,13.154289408005829,3.5598090833729557,2.6097456443596867
6,7.984912503464684,2.0877661117599073,0.8820238968627054
6,6.39990167274072,2.4009910887103474,0.001249546022366256
2,13.282993079044582,5.29991643649247,64.63646670881303
2,9.357035795420742,4.637535356447469,11.768360485366916
3,7.232142831205151,4.453857403786671,0.9725133788418625
3,5.360483384040705,3.889198098261961,0.5807880139835382
3,8.746789181729948,4.969580934999236,3.5214695390219637
2,6.893457698043867,3.580204537388915,17.57703399660389
2,10.931905842191648,5.8965550653514684,5.958876737785622
3,10.0876662782861,3.510209138131644,6.390093191848645
2,12.986285718843135,2.834583876782451,71.34625585495847
4,13.362561318981928,4.1946988832437215,3.34391608820569
3,13.777081737408372,4.209191012188958,43.74099563545895
5,5.806388821553537,3.954897446026744,0.0026444670868321714
6,8.184133020196741,2.1926451492325496,0.7885735740526642
6,9.802331479129325,5.972715959504172,0.0
5,9.292732046138262,3.987333329107575,0.5974951600807465
3,8.185554705033711,4.014324139540673,0.772489872178883
4,8.535260367282534,2.711953117563915,4.44949838720428
5,12.212262116685348,2.930700861702654,10.869176245011067
2,7.612018016494078,2.414504299886766,118.65585462839496
2,11.093385340769915,2.428159543743711,110.78287250726063
4,10.019495730845053,2.3730214047710323,22.659238447581235
2,7.364649546008222,4.527572025690824,8.694026733942225
2,10.312513352317287,5.481751394825295,7.012227017378943
3,9.262421362241406,4.318608965889225,9.745884617504018
6,7.411594094648119,5.4296867676491205,0.0
2,11.664443881422637,4.103148879129586,59.55908568831593
2,5.40895505421889,5.952825670145714,0.39925693964748266
3,14.404589380902692,4.904383730751557,10.18525493991583
2,5.265645857482195,3.906891564678825,4.19358925799274
